player_name;duration;event;acwr;readiness;fatigue
TeamA-0362cdd5-7a63-480a-a46a-62a99fb1692f;205.0;False;1.422137947380896;10.0;5.0
TeamA-560cb066-a8ae-412f-b09f-0d2a6aa0cf05;37.0;True;0.8096310475547048;8.0;2.00
TeamA-32fed4b3-d7fc-482d-ba21-c46c58f015b5;119.0;False;0.0;0.0;0.0
TeamA-358603ef-b3a3-46b5-b80a-ad64e06b6592;543.0;False;1.4753165597763525;0.0;0.0
TeamA-bcc03f81-2733-45d3-abf1-f7a709c63e68;52.0;True;5.999250093738282;5.0;4.00